{
  "roots": [
    "quad_mk2"
  ],
  "packages": [
    {
      "name": "quad_mk2",
      "version": "1.0.0+1",
      "dependencies": [
        "cupertino_icons",
        "flutter",
        "provider",
        "socket_io_client"
      ],
      "devDependencies": [
        "flutter_lints",
        "flutter_test",
        "image_picker"
      ]
    },
    {
      "name": "flutter_lints",
      "version": "5.0.0",
      "dependencies": [
        "lints"
      ]
    },
    {
      "name": "image_picker",
      "version": "1.1.2",
      "dependencies": [
        "flutter",
        "image_picker_android",
        "image_picker_for_web",
        "image_picker_ios",
        "image_picker_linux",
        "image_picker_macos",
        "image_picker_platform_interface",
        "image_picker_windows"
      ]
    },
    {
      "name": "flutter_test",
      "version": "0.0.0",
      "dependencies": [
        "async",
        "boolean_selector",
        "characters",
        "clock",
        "collection",
        "fake_async",
        "flutter",
        "leak_tracker",
        "leak_tracker_flutter_testing",
        "leak_tracker_testing",
        "matcher",
        "material_color_utilities",
        "meta",
        "path",
        "source_span",
        "stack_trace",
        "stream_channel",
        "string_scanner",
        "term_glyph",
        "test_api",
        "vector_math",
        "vm_service"
      ]
    },
    {
      "name": "cupertino_icons",
      "version": "1.0.8",
      "dependencies": []
    },
    {
      "name": "socket_io_client",
      "version": "2.0.3+1",
      "dependencies": [
        "js",
        "logging",
        "socket_io_common"
      ]
    },
    {
      "name": "provider",
      "version": "6.1.5",
      "dependencies": [
        "collection",
        "flutter",
        "nested"
      ]
    },
    {
      "name": "flutter",
      "version": "0.0.0",
      "dependencies": [
        "characters",
        "collection",
        "material_color_utilities",
        "meta",
        "sky_engine",
        "vector_math"
      ]
    },
    {
      "name": "lints",
      "version": "5.1.1",
      "dependencies": []
    },
    {
      "name": "image_picker_windows",
      "version": "0.2.1+1",
      "dependencies": [
        "file_selector_platform_interface",
        "file_selector_windows",
        "flutter",
        "image_picker_platform_interface"
      ]
    },
    {
      "name": "image_picker_platform_interface",
      "version": "2.10.1",
      "dependencies": [
        "cross_file",
        "flutter",
        "http",
        "plugin_platform_interface"
      ]
    },
    {
      "name": "image_picker_macos",
      "version": "0.2.1+2",
      "dependencies": [
        "file_selector_macos",
        "file_selector_platform_interface",
        "flutter",
        "image_picker_platform_interface"
      ]
    },
    {
      "name": "image_picker_linux",
      "version": "0.2.1+2",
      "dependencies": [
        "file_selector_linux",
        "file_selector_platform_interface",
        "flutter",
        "image_picker_platform_interface"
      ]
    },
    {
      "name": "image_picker_ios",
      "version": "0.8.12+2",
      "dependencies": [
        "flutter",
        "image_picker_platform_interface"
      ]
    },
    {
      "name": "image_picker_for_web",
      "version": "3.0.6",
      "dependencies": [
        "flutter",
        "flutter_web_plugins",
        "image_picker_platform_interface",
        "mime",
        "web"
      ]
    },
    {
      "name": "image_picker_android",
      "version": "0.8.12+23",
      "dependencies": [
        "flutter",
        "flutter_plugin_android_lifecycle",
        "image_picker_platform_interface"
      ]
    },
    {
      "name": "vm_service",
      "version": "15.0.0",
      "dependencies": []
    },
    {
      "name": "term_glyph",
      "version": "1.2.2",
      "dependencies": []
    },
    {
      "name": "string_scanner",
      "version": "1.4.1",
      "dependencies": [
        "source_span"
      ]
    },
    {
      "name": "stream_channel",
      "version": "2.1.4",
      "dependencies": [
        "async"
      ]
    },
    {
      "name": "source_span",
      "version": "1.10.1",
      "dependencies": [
        "collection",
        "path",
        "term_glyph"
      ]
    },
    {
      "name": "meta",
      "version": "1.16.0",
      "dependencies": []
    },
    {
      "name": "material_color_utilities",
      "version": "0.11.1",
      "dependencies": [
        "collection"
      ]
    },
    {
      "name": "leak_tracker_testing",
      "version": "3.0.1",
      "dependencies": [
        "leak_tracker",
        "matcher",
        "meta"
      ]
    },
    {
      "name": "leak_tracker",
      "version": "10.0.9",
      "dependencies": [
        "clock",
        "collection",
        "meta",
        "path",
        "vm_service"
      ]
    },
    {
      "name": "collection",
      "version": "1.19.1",
      "dependencies": []
    },
    {
      "name": "characters",
      "version": "1.4.0",
      "dependencies": []
    },
    {
      "name": "boolean_selector",
      "version": "2.1.2",
      "dependencies": [
        "source_span",
        "string_scanner"
      ]
    },
    {
      "name": "async",
      "version": "2.13.0",
      "dependencies": [
        "collection",
        "meta"
      ]
    },
    {
      "name": "leak_tracker_flutter_testing",
      "version": "3.0.9",
      "dependencies": [
        "flutter",
        "leak_tracker",
        "leak_tracker_testing",
        "matcher",
        "meta"
      ]
    },
    {
      "name": "vector_math",
      "version": "2.1.4",
      "dependencies": []
    },
    {
      "name": "stack_trace",
      "version": "1.12.1",
      "dependencies": [
        "path"
      ]
    },
    {
      "name": "clock",
      "version": "1.1.2",
      "dependencies": []
    },
    {
      "name": "fake_async",
      "version": "1.3.3",
      "dependencies": [
        "clock",
        "collection"
      ]
    },
    {
      "name": "path",
      "version": "1.9.1",
      "dependencies": []
    },
    {
      "name": "matcher",
      "version": "0.12.17",
      "dependencies": [
        "async",
        "meta",
        "stack_trace",
        "term_glyph",
        "test_api"
      ]
    },
    {
      "name": "test_api",
      "version": "0.7.4",
      "dependencies": [
        "async",
        "boolean_selector",
        "collection",
        "meta",
        "source_span",
        "stack_trace",
        "stream_channel",
        "string_scanner",
        "term_glyph"
      ]
    },
    {
      "name": "js",
      "version": "0.6.7",
      "dependencies": [
        "meta"
      ]
    },
    {
      "name": "socket_io_common",
      "version": "2.0.3",
      "dependencies": [
        "logging"
      ]
    },
    {
      "name": "logging",
      "version": "1.3.0",
      "dependencies": []
    },
    {
      "name": "nested",
      "version": "1.0.0",
      "dependencies": [
        "flutter"
      ]
    },
    {
      "name": "sky_engine",
      "version": "0.0.0",
      "dependencies": []
    },
    {
      "name": "file_selector_windows",
      "version": "0.9.3+4",
      "dependencies": [
        "cross_file",
        "file_selector_platform_interface",
        "flutter"
      ]
    },
    {
      "name": "file_selector_platform_interface",
      "version": "2.6.2",
      "dependencies": [
        "cross_file",
        "flutter",
        "http",
        "plugin_platform_interface"
      ]
    },
    {
      "name": "plugin_platform_interface",
      "version": "2.1.8",
      "dependencies": [
        "meta"
      ]
    },
    {
      "name": "http",
      "version": "1.4.0",
      "dependencies": [
        "async",
        "http_parser",
        "meta",
        "web"
      ]
    },
    {
      "name": "cross_file",
      "version": "0.3.4+2",
      "dependencies": [
        "meta",
        "web"
      ]
    },
    {
      "name": "file_selector_macos",
      "version": "0.9.4+3",
      "dependencies": [
        "cross_file",
        "file_selector_platform_interface",
        "flutter"
      ]
    },
    {
      "name": "file_selector_linux",
      "version": "0.9.3+2",
      "dependencies": [
        "cross_file",
        "file_selector_platform_interface",
        "flutter"
      ]
    },
    {
      "name": "web",
      "version": "1.1.1",
      "dependencies": []
    },
    {
      "name": "mime",
      "version": "2.0.0",
      "dependencies": []
    },
    {
      "name": "flutter_web_plugins",
      "version": "0.0.0",
      "dependencies": [
        "characters",
        "collection",
        "flutter",
        "material_color_utilities",
        "meta",
        "vector_math"
      ]
    },
    {
      "name": "flutter_plugin_android_lifecycle",
      "version": "2.0.28",
      "dependencies": [
        "flutter"
      ]
    },
    {
      "name": "http_parser",
      "version": "4.1.2",
      "dependencies": [
        "collection",
        "source_span",
        "string_scanner",
        "typed_data"
      ]
    },
    {
      "name": "typed_data",
      "version": "1.4.0",
      "dependencies": [
        "collection"
      ]
    }
  ],
  "configVersion": 1
}