{
  "configVersion": 2,
  "packages": [
    {
      "name": "async",
      "rootUri": "file:///C:/Users/Krishna/AppData/Local/Pub/Cache/hosted/pub.dev/async-2.13.0",
      "packageUri": "lib/",
      "languageVersion": "3.4"
    },
    {
      "name": "boolean_selector",
      "rootUri": "file:///C:/Users/Krishna/AppData/Local/Pub/Cache/hosted/pub.dev/boolean_selector-2.1.2",
      "packageUri": "lib/",
      "languageVersion": "3.1"
    },
    {
      "name": "characters",
      "rootUri": "file:///C:/Users/Krishna/AppData/Local/Pub/Cache/hosted/pub.dev/characters-1.4.0",
      "packageUri": "lib/",
      "languageVersion": "3.4"
    },
    {
      "name": "clock",
      "rootUri": "file:///C:/Users/Krishna/AppData/Local/Pub/Cache/hosted/pub.dev/clock-1.1.2",
      "packageUri": "lib/",
      "languageVersion": "3.4"
    },
    {
      "name": "collection",
      "rootUri": "file:///C:/Users/Krishna/AppData/Local/Pub/Cache/hosted/pub.dev/collection-1.19.1",
      "packageUri": "lib/",
      "languageVersion": "3.4"
    },
    {
      "name": "cross_file",
      "rootUri": "file:///C:/Users/Krishna/AppData/Local/Pub/Cache/hosted/pub.dev/cross_file-0.3.4+2",
      "packageUri": "lib/",
      "languageVersion": "3.3"
    },
    {
      "name": "cupertino_icons",
      "rootUri": "file:///C:/Users/Krishna/AppData/Local/Pub/Cache/hosted/pub.dev/cupertino_icons-1.0.8",
      "packageUri": "lib/",
      "languageVersion": "3.1"
    },
    {
      "name": "fake_async",
      "rootUri": "file:///C:/Users/Krishna/AppData/Local/Pub/Cache/hosted/pub.dev/fake_async-1.3.3",
      "packageUri": "lib/",
      "languageVersion": "3.3"
    },
    {
      "name": "file_selector_linux",
      "rootUri": "file:///C:/Users/Krishna/AppData/Local/Pub/Cache/hosted/pub.dev/file_selector_linux-0.9.3+2",
      "packageUri": "lib/",
      "languageVersion": "3.3"
    },
    {
      "name": "file_selector_macos",
      "rootUri": "file:///C:/Users/Krishna/AppData/Local/Pub/Cache/hosted/pub.dev/file_selector_macos-0.9.4+3",
      "packageUri": "lib/",
      "languageVersion": "3.6"
    },
    {
      "name": "file_selector_platform_interface",
      "rootUri": "file:///C:/Users/Krishna/AppData/Local/Pub/Cache/hosted/pub.dev/file_selector_platform_interface-2.6.2",
      "packageUri": "lib/",
      "languageVersion": "3.0"
    },
    {
      "name": "file_selector_windows",
      "rootUri": "file:///C:/Users/Krishna/AppData/Local/Pub/Cache/hosted/pub.dev/file_selector_windows-0.9.3+4",
      "packageUri": "lib/",
      "languageVersion": "3.4"
    },
    {
      "name": "flutter",
      "rootUri": "file:///C:/flutter/packages/flutter",
      "packageUri": "lib/",
      "languageVersion": "3.7"
    },
    {
      "name": "flutter_lints",
      "rootUri": "file:///C:/Users/Krishna/AppData/Local/Pub/Cache/hosted/pub.dev/flutter_lints-5.0.0",
      "packageUri": "lib/",
      "languageVersion": "3.5"
    },
    {
      "name": "flutter_plugin_android_lifecycle",
      "rootUri": "file:///C:/Users/Krishna/AppData/Local/Pub/Cache/hosted/pub.dev/flutter_plugin_android_lifecycle-2.0.28",
      "packageUri": "lib/",
      "languageVersion": "3.6"
    },
    {
      "name": "flutter_test",
      "rootUri": "file:///C:/flutter/packages/flutter_test",
      "packageUri": "lib/",
      "languageVersion": "3.7"
    },
    {
      "name": "flutter_web_plugins",
      "rootUri": "file:///C:/flutter/packages/flutter_web_plugins",
      "packageUri": "lib/",
      "languageVersion": "3.7"
    },
    {
      "name": "http",
      "rootUri": "file:///C:/Users/Krishna/AppData/Local/Pub/Cache/hosted/pub.dev/http-1.4.0",
      "packageUri": "lib/",
      "languageVersion": "3.4"
    },
    {
      "name": "http_parser",
      "rootUri": "file:///C:/Users/Krishna/AppData/Local/Pub/Cache/hosted/pub.dev/http_parser-4.1.2",
      "packageUri": "lib/",
      "languageVersion": "3.4"
    },
    {
      "name": "image_picker",
      "rootUri": "file:///C:/Users/Krishna/AppData/Local/Pub/Cache/hosted/pub.dev/image_picker-1.1.2",
      "packageUri": "lib/",
      "languageVersion": "3.3"
    },
    {
      "name": "image_picker_android",
      "rootUri": "file:///C:/Users/Krishna/AppData/Local/Pub/Cache/hosted/pub.dev/image_picker_android-0.8.12+23",
      "packageUri": "lib/",
      "languageVersion": "3.6"
    },
    {
      "name": "image_picker_for_web",
      "rootUri": "file:///C:/Users/Krishna/AppData/Local/Pub/Cache/hosted/pub.dev/image_picker_for_web-3.0.6",
      "packageUri": "lib/",
      "languageVersion": "3.4"
    },
    {
      "name": "image_picker_ios",
      "rootUri": "file:///C:/Users/Krishna/AppData/Local/Pub/Cache/hosted/pub.dev/image_picker_ios-0.8.12+2",
      "packageUri": "lib/",
      "languageVersion": "3.4"
    },
    {
      "name": "image_picker_linux",
      "rootUri": "file:///C:/Users/Krishna/AppData/Local/Pub/Cache/hosted/pub.dev/image_picker_linux-0.2.1+2",
      "packageUri": "lib/",
      "languageVersion": "3.4"
    },
    {
      "name": "image_picker_macos",
      "rootUri": "file:///C:/Users/Krishna/AppData/Local/Pub/Cache/hosted/pub.dev/image_picker_macos-0.2.1+2",
      "packageUri": "lib/",
      "languageVersion": "3.4"
    },
    {
      "name": "image_picker_platform_interface",
      "rootUri": "file:///C:/Users/Krishna/AppData/Local/Pub/Cache/hosted/pub.dev/image_picker_platform_interface-2.10.1",
      "packageUri": "lib/",
      "languageVersion": "3.4"
    },
    {
      "name": "image_picker_windows",
      "rootUri": "file:///C:/Users/Krishna/AppData/Local/Pub/Cache/hosted/pub.dev/image_picker_windows-0.2.1+1",
      "packageUri": "lib/",
      "languageVersion": "2.19"
    },
    {
      "name": "js",
      "rootUri": "file:///C:/Users/Krishna/AppData/Local/Pub/Cache/hosted/pub.dev/js-0.6.7",
      "packageUri": "lib/",
      "languageVersion": "2.19"
    },
    {
      "name": "leak_tracker",
      "rootUri": "file:///C:/Users/Krishna/AppData/Local/Pub/Cache/hosted/pub.dev/leak_tracker-10.0.9",
      "packageUri": "lib/",
      "languageVersion": "3.2"
    },
    {
      "name": "leak_tracker_flutter_testing",
      "rootUri": "file:///C:/Users/Krishna/AppData/Local/Pub/Cache/hosted/pub.dev/leak_tracker_flutter_testing-3.0.9",
      "packageUri": "lib/",
      "languageVersion": "3.2"
    },
    {
      "name": "leak_tracker_testing",
      "rootUri": "file:///C:/Users/Krishna/AppData/Local/Pub/Cache/hosted/pub.dev/leak_tracker_testing-3.0.1",
      "packageUri": "lib/",
      "languageVersion": "3.2"
    },
    {
      "name": "lints",
      "rootUri": "file:///C:/Users/Krishna/AppData/Local/Pub/Cache/hosted/pub.dev/lints-5.1.1",
      "packageUri": "lib/",
      "languageVersion": "3.6"
    },
    {
      "name": "logging",
      "rootUri": "file:///C:/Users/Krishna/AppData/Local/Pub/Cache/hosted/pub.dev/logging-1.3.0",
      "packageUri": "lib/",
      "languageVersion": "3.4"
    },
    {
      "name": "matcher",
      "rootUri": "file:///C:/Users/Krishna/AppData/Local/Pub/Cache/hosted/pub.dev/matcher-0.12.17",
      "packageUri": "lib/",
      "languageVersion": "3.4"
    },
    {
      "name": "material_color_utilities",
      "rootUri": "file:///C:/Users/Krishna/AppData/Local/Pub/Cache/hosted/pub.dev/material_color_utilities-0.11.1",
      "packageUri": "lib/",
      "languageVersion": "2.17"
    },
    {
      "name": "meta",
      "rootUri": "file:///C:/Users/Krishna/AppData/Local/Pub/Cache/hosted/pub.dev/meta-1.16.0",
      "packageUri": "lib/",
      "languageVersion": "2.12"
    },
    {
      "name": "mime",
      "rootUri": "file:///C:/Users/Krishna/AppData/Local/Pub/Cache/hosted/pub.dev/mime-2.0.0",
      "packageUri": "lib/",
      "languageVersion": "3.2"
    },
    {
      "name": "nested",
      "rootUri": "file:///C:/Users/Krishna/AppData/Local/Pub/Cache/hosted/pub.dev/nested-1.0.0",
      "packageUri": "lib/",
      "languageVersion": "2.12"
    },
    {
      "name": "path",
      "rootUri": "file:///C:/Users/Krishna/AppData/Local/Pub/Cache/hosted/pub.dev/path-1.9.1",
      "packageUri": "lib/",
      "languageVersion": "3.4"
    },
    {
      "name": "plugin_platform_interface",
      "rootUri": "file:///C:/Users/Krishna/AppData/Local/Pub/Cache/hosted/pub.dev/plugin_platform_interface-2.1.8",
      "packageUri": "lib/",
      "languageVersion": "3.0"
    },
    {
      "name": "provider",
      "rootUri": "file:///C:/Users/Krishna/AppData/Local/Pub/Cache/hosted/pub.dev/provider-6.1.5",
      "packageUri": "lib/",
      "languageVersion": "2.12"
    },
    {
      "name": "sky_engine",
      "rootUri": "file:///C:/flutter/bin/cache/pkg/sky_engine",
      "packageUri": "lib/",
      "languageVersion": "3.7"
    },
    {
      "name": "socket_io_client",
      "rootUri": "file:///C:/Users/Krishna/AppData/Local/Pub/Cache/hosted/pub.dev/socket_io_client-2.0.3+1",
      "packageUri": "lib/",
      "languageVersion": "2.12"
    },
    {
      "name": "socket_io_common",
      "rootUri": "file:///C:/Users/Krishna/AppData/Local/Pub/Cache/hosted/pub.dev/socket_io_common-2.0.3",
      "packageUri": "lib/",
      "languageVersion": "2.12"
    },
    {
      "name": "source_span",
      "rootUri": "file:///C:/Users/Krishna/AppData/Local/Pub/Cache/hosted/pub.dev/source_span-1.10.1",
      "packageUri": "lib/",
      "languageVersion": "3.1"
    },
    {
      "name": "stack_trace",
      "rootUri": "file:///C:/Users/Krishna/AppData/Local/Pub/Cache/hosted/pub.dev/stack_trace-1.12.1",
      "packageUri": "lib/",
      "languageVersion": "3.4"
    },
    {
      "name": "stream_channel",
      "rootUri": "file:///C:/Users/Krishna/AppData/Local/Pub/Cache/hosted/pub.dev/stream_channel-2.1.4",
      "packageUri": "lib/",
      "languageVersion": "3.3"
    },
    {
      "name": "string_scanner",
      "rootUri": "file:///C:/Users/Krishna/AppData/Local/Pub/Cache/hosted/pub.dev/string_scanner-1.4.1",
      "packageUri": "lib/",
      "languageVersion": "3.1"
    },
    {
      "name": "term_glyph",
      "rootUri": "file:///C:/Users/Krishna/AppData/Local/Pub/Cache/hosted/pub.dev/term_glyph-1.2.2",
      "packageUri": "lib/",
      "languageVersion": "3.1"
    },
    {
      "name": "test_api",
      "rootUri": "file:///C:/Users/Krishna/AppData/Local/Pub/Cache/hosted/pub.dev/test_api-0.7.4",
      "packageUri": "lib/",
      "languageVersion": "3.5"
    },
    {
      "name": "typed_data",
      "rootUri": "file:///C:/Users/Krishna/AppData/Local/Pub/Cache/hosted/pub.dev/typed_data-1.4.0",
      "packageUri": "lib/",
      "languageVersion": "3.5"
    },
    {
      "name": "vector_math",
      "rootUri": "file:///C:/Users/Krishna/AppData/Local/Pub/Cache/hosted/pub.dev/vector_math-2.1.4",
      "packageUri": "lib/",
      "languageVersion": "2.14"
    },
    {
      "name": "vm_service",
      "rootUri": "file:///C:/Users/Krishna/AppData/Local/Pub/Cache/hosted/pub.dev/vm_service-15.0.0",
      "packageUri": "lib/",
      "languageVersion": "3.3"
    },
    {
      "name": "web",
      "rootUri": "file:///C:/Users/Krishna/AppData/Local/Pub/Cache/hosted/pub.dev/web-1.1.1",
      "packageUri": "lib/",
      "languageVersion": "3.4"
    },
    {
      "name": "quad_mk2",
      "rootUri": "../",
      "packageUri": "lib/",
      "languageVersion": "3.8"
    }
  ],
  "generator": "pub",
  "generatorVersion": "3.8.1",
  "flutterRoot": "file:///C:/flutter",
  "flutterVersion": "3.32.5",
  "pubCache": "file:///C:/Users/Krishna/AppData/Local/Pub/Cache"
}
